11223344,9;5,11578,0.505293
11223434,9;6,14422,0.649138
11223443,9;6,12742,0.582212
11224334,9;7,12742,0.582092
11224343,9;6,14422,0.659518
11224433,9;5,11578,0.528094
11232344,9;5,15228,0.698796
11232434,9;6,15557,0.714095
11232443,9;6,14402,0.661207
11233244,9;8,14104,0.648446
11233424,8;6,14988,0.688747
11233442,9;1,13262,0.607101
11234234,8;6,14525,0.68257
11234243,8;7,15484,0.733577
11234324,8;6,15802,0.727587
11234342,8;7,15887,0.727534
11234423,8;6,14241,0.65534
11234432,8;6,13795,0.638642
11242334,9;7,14402,0.661525
11242343,9;6,15557,0.719566
11242433,9;5,15228,0.698588
11243234,8;6,15484,0.713028
11243243,8;7,14525,0.665703
11243324,8;6,14241,0.654039
11243342,8;7,13795,0.641978
11243423,8;6,15802,0.736725
11243432,8;6,15887,0.731705
11244233,9;6,14104,0.649036
11244323,8;6,14988,0.695857
11244332,9;1,13262,0.61241
11322344,9;8,14104,0.64714
11322434,8;7,14988,0.690992
11322443,9;1,13262,0.608588
11323244,9;8,15228,0.694453
11323424,9;6,15557,0.717828
11323442,9;6,14402,0.664002
11324234,8;6,15802,0.728424
11324243,8;7,15887,0.731221
11324324,8;6,14525,0.670654
11324342,8;7,15484,0.713019
11324423,8;6,13795,0.637786
11324432,8;7,14241,0.653119
11332244,9;8,11578,0.531184
11332424,9;6,14422,0.658492
11332442,9;6,12742,0.585447
11334224,9;7,12742,0.584316
11334242,9;6,14422,0.663053
11334422,9;6,11578,0.530914
11342234,8;6,14241,0.6561
11342243,8;7,13795,0.632408
11342324,8;6,15484,0.714557
11342342,8;7,14525,0.668604
11342423,8;6,15887,0.731673
11342432,8;7,15802,0.729512
11343224,9;7,14402,0.661676
11343242,9;6,15557,0.715502
11343422,9;5,15228,0.700258
11344223,9;6,13262,0.608453
11344232,8;6,14988,0.691243
11344322,9;6,14104,0.64828
11422334,9;1,13262,0.608865
11422343,8;7,14988,0.69065
11422433,9;6,14104,0.647833
11423234,8;6,15887,0.731867
11423243,8;7,15802,0.727729
11423324,8;6,13795,0.635081
11423342,8;7,14241,0.654935
11423423,8;6,14525,0.668225
11423432,8;6,15484,0.710244
11424233,9;8,15228,0.697863
11424323,9;6,15557,0.724575
11424332,9;6,14402,0.660358
11432234,8;6,13795,0.635855
11432243,8;7,14241,0.655619
11432324,8;6,15887,0.730734
11432342,8;7,15802,0.726277
11432423,8;6,15484,0.711068
11432432,8;7,14525,0.667694
11433224,9;2,13262,0.609847
11433242,8;7,14988,0.69412
11433422,9;6,14104,0.652055
11434223,9;7,14402,0.662379
11434232,9;6,15557,0.716936
11434322,9;8,15228,0.706026
11442233,9;8,11578,0.529303
11442323,9;6,14422,0.66172
11442332,9;6,12742,0.580324
11443223,9;7,12742,0.595815
11443232,9;6,14422,0.662556
11443322,9;6,11578,0.53093
12123344,8;8,21980,1.01093
12123434,8;6,27192,1.26268
12123443,8;6,24344,1.13266
12124334,8;6,24344,1.13815
12124343,8;6,27192,1.26739
12124433,8;8,21980,1.02261
12132344,8;5,23437,1.08698
12132434,8;6,23653,1.10174
12132443,9;9,21775,1.01284
12133244,8;8,21680,1.00571
12133424,8;7,22488,1.0494
12133442,8;8,19917,0.92544
12134234,7;3,24417,1.13722
12134243,9;9,25337,1.19316
12134324,8;6,24737,1.16382
12134342,8;7,24840,1.15559
12134423,8;6,22932,1.06966
12134432,8;8,22170,1.03142
12142334,9;9,21775,1.01051
12142343,8;5,23653,1.10018
12142433,8;5,23437,1.08719
12143234,9;9,25337,1.17883
12143243,7;3,24417,1.13602
12143324,8;6,22932,1.06299
12143342,8;8,22170,1.02992
12143423,8;5,24737,1.15095
12143432,8;6,24840,1.16348
12144233,8;8,21680,1.006
12144323,8;5,22488,1.04748
12144332,8;8,19917,0.924519
12213344,9;6,19816,0.913865
12213434,9;6,24929,1.16186
12213443,9;6,22246,1.04447
12214334,9;2,22246,1.05012
12214343,9;6,24929,1.1682
12214433,9;6,19816,0.93174
12231344,9;5,22530,1.04455
12231434,9;6,22655,1.06941
12231443,9;3,20693,0.978597
12233144,9;8,20527,0.966853
12233414,8;6,21110,0.980879
12233441,9;4,19576,0.911378
12234134,8;6,23060,1.08006
12234143,8;7,24042,1.11758
12234314,8;6,22973,1.08163
12234341,8;7,24348,1.13353
12234413,8;6,21153,0.985042
12234431,8;6,21580,1.00009
12241334,9;2,20693,0.962121
12241343,9;6,22655,1.05417
12241433,9;5,22530,1.0468
12243134,8;6,24042,1.11897
12243143,8;7,23060,1.07418
12243314,8;6,21153,0.984124
12243341,8;7,21580,1.00517
12243413,8;6,22973,1.07241
12243431,8;6,24348,1.13313
12244133,9;8,20527,0.950459
12244313,8;6,21110,0.984093
12244331,9;7,19576,0.904085
12312344,8;7,22006,1.02406
12312434,8;7,22897,1.06831
12312443,8;5,20761,0.961873
12313244,9;6,22416,1.0395
12313424,9;6,23176,1.0708
12313442,8;4,20655,0.966618
12314234,8;7,21908,1.03044
12314243,8;5,22124,1.04267
12314324,8;6,21850,1.02076
12314342,8;7,21603,1.0279
12314423,9;9,20273,0.97016
12314432,9;9,19350,0.89709
12321344,8;5,22824,1.05873
12321434,8;5,23614,1.09347
12321443,7;6,21439,0.994321
12323144,9;9,23277,1.08429
12323414,9;9,23684,1.10575
12323441,8;5,22081,1.01686
12324134,8;6,22269,1.0369
12324143,8;7,22903,1.08746
12324314,8;6,21698,1.01187
12324341,8;7,22722,1.05632
12324413,9;9,20185,0.93689
12324431,9;9,20382,0.94859
12331244,9;5,20652,0.962267
12331424,9;6,21109,0.974981
12331442,9;3,18645,0.859973
12332144,9;8,20848,0.960631
12332414,9;6,20903,0.964609
12332441,9;4,19316,0.889874
12334124,8;6,20596,0.950442
12334142,8;7,20596,0.947745
12334214,8;6,19864,0.916155
12334241,8;7,20843,0.959442
12334412,8;6,17705,0.815721
12334421,8;6,19015,0.875954
12341234,8;4,24200,1.11912
12341243,8;5,23927,1.10438
12341324,8;4,24068,1.11111
12341342,8;5,23309,1.07683
12341423,8;5,24517,1.13325
12341432,8;5,23786,1.09891
12342134,8;6,23755,1.09591
12342143,8;7,23487,1.08391
12342314,9;9,23088,1.06684
12342341,8;2,23508,1.08246
12342413,9;9,23652,1.09054
12342431,7;6,24395,1.12482
12343124,8;5,23968,1.10994
12343142,8;6,23069,1.08351
12343214,8;6,23239,1.09066
12343241,8;6,23885,1.10907
12343412,8;6,23048,1.05979
12343421,8;5,24724,1.14639
12344123,8;6,22612,1.05054
12344132,8;7,22048,1.0231
12344213,8;6,22080,1.0256
12344231,8;7,23099,1.082
12344312,8;6,21294,0.991774
12344321,8;2,22857,1.05627
12412334,8;5,20761,0.954284
12412343,8;7,22897,1.05756
12412433,8;5,22006,1.01714
12413234,8;5,22124,1.01561
12413243,8;7,21908,1.01075
12413324,9;9,20273,0.936953
12413342,9;9,19350,0.894788
12413423,8;6,21850,1.01146
12413432,8;6,21603,0.999293
12414233,9;6,22416,1.03687
12414323,9;6,23176,1.07397
12414332,8;5,20655,0.953274
12421334,7;3,21439,0.996859
12421343,8;5,23614,1.10713
12421433,8;5,22824,1.0603
12423134,8;6,22903,1.06024
12423143,8;7,22269,1.03348
12423314,9;9,20185,0.934184
12423341,9;9,20382,0.942119
12423413,8;6,21698,1.00619
12423431,8;6,22722,1.05007
12424133,9;9,23277,1.07723
12424313,9;9,23684,1.10176
12424331,8;6,22081,1.02228
12431234,8;5,23927,1.11162
12431243,8;4,24200,1.12865
12431324,8;5,24517,1.13953
12431342,8;5,23786,1.11477
12431423,8;4,24068,1.12992
12431432,8;5,23309,1.08319
12432134,8;6,23487,1.10217
12432143,8;7,23755,1.10984
12432314,9;9,23652,1.09563
12432341,7;6,24395,1.13323
12432413,9;9,23088,1.07261
12432431,8;2,23508,1.09231
12433124,8;6,22612,1.04737
12433142,8;7,22048,1.02178
12433214,8;6,22080,1.02606
12433241,8;7,23099,1.07379
12433412,8;6,21294,0.985
12433421,8;6,22857,1.0548
12434123,8;7,23968,1.1056
12434132,8;6,23069,1.07323
12434213,8;6,23239,1.08112
12434231,8;6,23885,1.10709
12434312,8;6,23048,1.07123
12434321,8;5,24724,1.15171
12441233,9;5,20652,0.958171
12441323,9;6,21109,0.979476
12441332,9;3,18645,0.865176
12442133,9;8,20848,0.963658
12442313,9;6,20903,0.974647
12442331,9;4,19316,0.897895
12443123,8;6,20596,0.956517
12443132,8;4,20596,0.956844
12443213,8;6,19864,0.922251
12443231,8;5,20843,0.963675
12443312,8;6,17705,0.822852
12443321,8;6,19015,0.880045
13122344,8;8,21680,1.00882
13122434,8;7,22488,1.0653
13122443,8;8,19917,0.926931
13123244,8;6,23437,1.09986
13123424,8;6,23653,1.10028
13123442,9;9,21775,1.02338
13124234,8;6,24737,1.15056
13124243,8;7,24840,1.15989
13124324,7;3,24417,1.13311
13124342,9;9,25337,1.18149
13124423,8;8,22170,1.033
13124432,8;6,22932,1.06694
13132244,8;8,21980,1.01511
13132424,8;6,27192,1.26722
13132442,8;6,24344,1.12876
13134224,8;6,24344,1.13353
13134242,8;6,27192,1.2576
13134422,8;8,21980,1.01398
13142234,8;6,22932,1.06592
13142243,8;8,22170,1.02633
13142324,9;9,25337,1.17489
13142342,7;3,24417,1.1314
13142423,8;6,24840,1.14969
13142432,8;5,24737,1.1482
13143224,9;9,21775,1.00454
13143242,8;5,23653,1.09587
13143422,8;5,23437,1.08149
13144223,8;8,19917,0.922983
13144232,8;5,22488,1.04651
13144322,8;8,21680,1.00502
13212344,9;6,22416,1.03973
13212434,9;6,23176,1.08541
13212443,8;4,20655,0.956358
13213244,8;6,22006,1.01493
13213424,8;7,22897,1.05884
13213442,8;4,20761,0.959564
13214234,8;6,21850,1.01354
13214243,8;7,21603,1.00058
13214324,8;7,21908,1.01103
13214342,8;4,22124,1.02104
13214423,9;9,19350,0.894317
13214432,9;9,20273,0.93281
13221344,9;5,20652,0.952589
13221434,9;6,21109,0.975659
13221443,9;3,18645,0.85952
13223144,9;8,20848,0.967445
13223414,9;6,20903,0.962708
13223441,9;4,19316,0.891147
13224134,8;6,20596,0.951478
13224143,8;7,20596,0.952363
13224314,8;6,19864,0.918857
13224341,8;7,20843,0.970368
13224413,8;6,17705,0.826688
13224431,8;6,19015,0.881518
13231244,8;5,22824,1.05905
13231424,8;5,23614,1.09734
13231442,7;6,21439,0.995137
13232144,9;9,23277,1.10102
13232414,9;9,23684,1.12509
13232441,8;3,22081,1.04944
13234124,8;6,22269,1.05811
13234142,8;7,22903,1.08207
13234214,8;6,21698,1.00673
13234241,8;7,22722,1.05057
13234412,9;9,20185,0.934988
13234421,9;9,20382,0.941829
13241234,8;4,24068,1.11789
13241243,8;5,23309,1.07866
13241324,8;4,24200,1.1221
13241342,8;5,23927,1.10995
13241423,8;5,23786,1.104
13241432,8;5,24517,1.13741
13242134,8;5,23968,1.11145
13242143,8;3,23069,1.06904
13242314,8;6,23239,1.07831
13242341,8;6,23885,1.10701
13242413,8;6,23048,1.0718
13242431,8;5,24724,1.14695
13243124,8;6,23755,1.09893
13243142,8;7,23487,1.08653
13243214,9;9,23088,1.06705
13243241,8;2,23508,1.08184
13243412,9;9,23652,1.09466
13243421,7;6,24395,1.12639
13244123,8;6,22048,1.01819
13244132,8;7,22612,1.04677
13244213,8;6,21294,0.984295
13244231,8;2,22857,1.05572
13244312,8;6,22080,1.02023
13244321,8;6,23099,1.0678
13312244,9;6,19816,0.914407
13312424,9;6,24929,1.15377
13312442,9;6,22246,1.02947
13314224,9;2,22246,1.02785
13314242,9;6,24929,1.15428
13314422,9;6,19816,0.914673
13321244,9;5,22530,1.06145
13321424,9;6,22655,1.07057
13321442,9;3,20693,0.974178
13322144,9;8,20527,0.953684
13322414,8;6,21110,0.980307
13322441,9;4,19576,0.905331
13324124,8;6,23060,1.08256
13324142,8;7,24042,1.1313
13324214,8;6,22973,1.06995
13324241,8;5,24348,1.13051
13324412,8;6,21153,0.985091
13324421,8;3,21580,1.00864
13341224,9;2,20693,0.963925
13341242,9;6,22655,1.06197
13341422,9;5,22530,1.05574
13342124,8;6,24042,1.12463
13342142,8;7,23060,1.09324
13342214,8;6,21153,0.982328
13342241,8;7,21580,0.997252
13342412,8;6,22973,1.05757
13342421,8;3,24348,1.12823
13344122,9;8,20527,0.950113
13344212,8;6,21110,0.983113
13344221,9;7,19576,0.913624
13412234,9;9,20273,0.963256
13412243,9;9,19350,0.917149
13412324,8;5,22124,1.0524
13412342,8;5,21908,1.04323
13412423,8;5,21603,0.993491
13412432,8;7,21850,1.02265
13413224,8;5,20761,0.984969
13413242,8;5,22897,1.06638
13413422,8;5,22006,1.01812
13414223,8;5,20655,0.961829
13414232,9;6,23176,1.07532
13414322,9;6,22416,1.03817
13421234,8;5,24517,1.13865
13421243,8;6,23786,1.09728
13421324,8;5,23927,1.101
13421342,8;5,24200,1.11587
13421423,8;6,23309,1.07266
13421432,8;5,24068,1.10847
13422134,8;6,22612,1.04038
13422143,8;7,22048,1.01738
13422314,8;6,22080,1.01607
13422341,8;7,23099,1.0627
13422413,8;6,21294,0.98138
13422431,8;6,22857,1.05125
13423124,8;6,23487,1.07959
13423142,8;7,23755,1.09412
13423214,9;9,23652,1.08894
13423241,7;6,24395,1.12141
13423412,9;9,23088,1.0634
13423421,8;2,23508,1.08012
13424123,8;3,23069,1.06079
13424132,8;7,23968,1.10522
13424213,8;6,23048,1.06147
13424231,8;5,24724,1.13695
13424312,8;6,23239,1.07203
13424321,8;6,23885,1.09874
13431224,7;3,21439,0.983535
13431242,8;5,23614,1.08658
13431422,8;5,22824,1.05638
13432124,8;6,22903,1.0563
13432142,8;7,22269,1.02301
13432214,9;9,20185,0.925216
13432241,9;9,20382,0.936463
13432412,8;7,21698,0.995599
13432421,8;3,22722,1.04354
13434122,9;9,23277,1.06923
13434212,9;9,23684,1.09116
13434221,8;6,22081,1.01364
13441223,9;2,18645,0.855293
13441232,9;6,21109,0.971704
13441322,9;5,20652,0.947342
13442123,8;3,20596,0.944054
13442132,8;7,20596,0.946331
13442213,8;6,17705,0.811147
13442231,8;7,19015,0.871997
13442312,8;6,19864,0.913068
13442321,8;5,20843,0.955049
13443122,9;8,20848,0.957106
13443212,9;6,20903,0.961484
13443221,9;7,19316,0.88436
14122334,8;8,19917,0.913125
14122343,8;7,22488,1.03358
14122433,8;8,21680,0.991965
14123234,8;6,24840,1.14171
14123243,8;6,24737,1.1363
14123324,8;8,22170,1.01935
14123342,8;6,22932,1.05441
14123423,7;3,24417,1.12197
14123432,9;9,25337,1.16418
14124233,8;6,23437,1.0736
14124323,8;6,23653,1.08619
14124332,9;9,21775,0.997514
14132234,8;8,22170,1.01753
14132243,8;6,22932,1.05248
14132324,8;6,24840,1.14308
14132342,8;6,24737,1.13661
14132423,9;9,25337,1.16453
14132432,7;3,24417,1.12581
14133224,8;8,19917,0.913152
14133242,8;6,22488,1.03667
14133422,8;8,21680,0.995553
14134223,9;9,21775,0.998821
14134232,8;6,23653,1.08884
14134322,8;6,23437,1.07898
14142233,8;8,21980,1.0082
14142323,8;6,27192,1.25421
14142332,8;6,24344,1.15716
14143223,8;6,24344,1.13845
14143232,8;6,27192,1.28144
14143322,8;8,21980,1.05643
14212334,8;3,20655,0.996136
14212343,9;6,23176,1.1118
14212433,9;6,22416,1.06631
14213234,8;3,21603,1.03163
14213243,8;7,21850,1.04295
14213324,9;9,19350,0.919202
14213342,9;9,20273,0.965161
14213423,8;4,21908,1.04718
14213432,8;4,22124,1.03224
14214233,8;6,22006,1.02848
14214323,8;4,22897,1.0631
14214332,8;4,20761,0.964357
14221334,9;2,18645,0.863516
14221343,9;6,21109,0.973877
14221433,9;5,20652,0.951824
14223134,8;6,20596,0.947271
14223143,8;7,20596,0.957933
14223314,8;6,17705,0.816024
14223341,8;7,19015,0.880421
14223413,8;6,19864,0.925384
14223431,8;6,20843,0.970416
14224133,9;8,20848,0.980751
14224313,9;6,20903,0.960342
14224331,9;7,19316,0.886548
14231234,8;5,23309,1.0738
14231243,8;4,24068,1.11274
14231324,8;5,23786,1.14261
14231342,8;5,24517,1.1632
14231423,8;4,24200,1.15344
14231432,8;5,23927,1.11304
14232134,8;3,23069,1.06195
14232143,8;6,23968,1.10513
14232314,8;6,23048,1.06241
14232341,8;5,24724,1.13776
14232413,8;6,23239,1.073
14232431,8;6,23885,1.0979
14233124,8;6,22048,1.01594
14233142,8;7,22612,1.03964
14233214,8;6,21294,0.981573
14233241,8;2,22857,1.05176
14233412,8;6,22080,1.02402
14233421,8;6,23099,1.06706
14234123,8;6,23755,1.0943
14234132,8;7,23487,1.07736
14234213,9;9,23088,1.06433
14234231,8;2,23508,1.08216
14234312,9;9,23652,1.09044
14234321,7;6,24395,1.12021
14241233,8;5,22824,1.04742
14241323,8;5,23614,1.08818
14241332,7;6,21439,0.983192
14242133,9;9,23277,1.06905
14242313,9;9,23684,1.08955
14242331,8;3,22081,1.01219
14243123,8;6,22269,1.02448
14243132,8;4,22903,1.04975
14243213,8;7,21698,0.998087
14243231,8;5,22722,1.04201
14243312,9;9,20185,0.924583
14243321,9;9,20382,0.937089
14312234,9;9,19350,0.895425
14312243,9;9,20273,0.934984
14312324,8;5,21603,0.992262
14312342,8;7,21850,1.00666
14312423,8;4,22124,1.01812
14312432,8;4,21908,1.01882
14313224,8;5,20655,0.947603
14313242,9;6,23176,1.06585
14313422,9;6,22416,1.02968
14314223,8;4,20761,0.953244
14314232,8;4,22897,1.06042
14314322,8;5,22006,1.01433
14321234,8;1,23786,1.12545
14321243,8;5,24517,1.16252
14321324,8;1,23309,1.11214
14321342,8;5,24068,1.14316
14321423,8;5,23927,1.11291
14321432,8;5,24200,1.07985
14322134,8;6,22048,0.977586
14322143,8;7,22612,1.00506
14322314,8;6,21294,0.944732
14322341,8;7,22857,1.01332
14322413,8;6,22080,0.980051
14322431,8;6,23099,1.02715
14323124,8;3,23069,1.02353
14323142,8;7,23968,1.07213
14323214,8;6,23048,1.02481
14323241,8;5,24724,1.0951
14323412,8;6,23239,1.0312
14323421,8;6,23885,1.058
14324123,8;6,23487,1.04158
14324132,8;7,23755,1.05967
14324213,9;9,23652,1.05853
14324231,7;6,24395,1.10522
14324312,9;9,23088,1.02554
14324321,8;2,23508,1.0401
14331224,9;2,18645,0.828608
14331242,9;6,21109,0.934179
14331422,9;5,20652,0.913132
14332124,8;3,20596,0.914196
14332142,8;7,20596,0.910285
14332214,8;6,17705,0.782432
14332241,8;7,19015,0.839383
14332412,8;6,19864,0.88201
14332421,8;3,20843,0.919713
14334122,9;8,20848,0.921901
14334212,9;6,20903,0.924805
14334221,9;7,19316,0.852038
14341223,7;4,21439,0.945991
14341232,8;5,23614,1.04643
14341322,8;5,22824,1.00939
14342123,8;6,22903,1.02203
14342132,8;7,22269,0.987595
14342213,9;9,20185,0.8983
14342231,9;9,20382,0.902354
14342312,8;7,21698,0.963952
14342321,8;5,22722,1.00792
14343122,9;9,23277,1.0326
14343212,9;9,23684,1.05181
14343221,8;6,22081,0.977437
14412233,9;6,19816,0.877687
14412323,9;6,24929,1.10905
14412332,9;6,22246,0.991797
14413223,9;2,22246,1.00415
14413232,9;6,24929,1.10829
14413322,9;6,19816,0.877327
14421233,9;5,22530,1.0039
14421323,9;6,22655,1.00485
14421332,9;3,20693,0.916049
14422133,9;8,20527,0.906685
14422313,8;6,21110,0.936289
14422331,9;4,19576,0.864879
14423123,8;6,23060,1.02331
14423132,8;7,24042,1.06722
14423213,8;6,22973,1.01967
14423231,8;5,24348,1.08033
14423312,8;6,21153,0.939492
14423321,8;5,21580,0.955296
14431223,9;2,20693,0.916452
14431232,9;6,22655,1.00551
14431322,9;5,22530,1.0003
14432123,8;6,24042,1.06751
14432132,8;7,23060,1.02372
14432213,8;6,21153,0.939229
14432231,8;5,21580,0.957378
14432312,8;6,22973,1.02151
14432321,8;5,24348,1.08005
14433122,9;8,20527,0.908893
14433212,8;7,21110,0.936087
14433221,9;7,19576,0.865062
21123344,9;5,19816,0.877443
21123434,9;6,24929,1.11859
21123443,9;6,22246,0.984704
21124334,9;7,22246,0.986019
21124343,9;6,24929,1.10483
21124433,9;5,19816,0.875956
21132344,9;5,22530,0.998387
21132434,9;6,22655,1.00521
21132443,9;6,20693,0.915085
21133244,9;8,20527,0.915798
21133424,8;6,21110,0.946802
21133442,9;4,19576,0.876824
21134234,8;6,23060,1.02751
21134243,8;7,24042,1.07356
21134324,8;6,22973,1.02717
21134342,8;7,24348,1.08074
21134423,8;6,21153,0.93863
21134432,8;6,21580,0.962627
21142334,9;7,20693,0.921598
21142343,9;6,22655,1.01292
21142433,9;5,22530,1.00557
21143234,8;6,24042,1.06831
21143243,8;7,23060,1.02439
21143324,8;6,21153,0.939073
21143342,8;7,21580,0.969799
21143423,8;6,22973,1.02234
21143432,8;6,24348,1.08019
21144233,9;6,20527,0.908332
21144323,8;6,21110,0.937307
21144332,9;7,19576,0.864938
21213344,8;8,21980,0.972737
21213434,8;6,27192,1.20633
21213443,8;5,24344,1.09484
21214334,8;5,24344,1.08681
21214343,8;6,27192,1.20913
21214433,8;8,21980,0.971389
21231344,8;7,23437,1.03918
21231434,8;6,23653,1.04878
21231443,9;9,21775,0.964057
21233144,8;8,21680,0.974822
21233414,8;6,22488,0.997642
21233441,8;8,19917,0.883144
21234134,7;3,24417,1.08376
21234143,9;9,25337,1.12391
21234314,8;5,24737,1.09643
21234341,8;7,24840,1.11038
21234413,8;4,22932,1.01775
21234431,8;8,22170,0.983405
21241334,9;9,21775,0.963031
21241343,8;4,23653,1.04954
21241433,8;4,23437,1.03874
21243134,9;9,25337,1.12561
21243143,7;3,24417,1.08617
21243314,8;5,22932,1.03109
21243341,8;8,22170,1.00381
21243413,8;7,24737,1.10758
21243431,8;6,24840,1.10306
21244133,8;8,21680,0.969055
21244313,8;7,22488,0.999188
21244331,8;8,19917,0.881158
21312344,8;7,22824,1.00935
21312434,8;7,23614,1.04755
21312443,7;6,21439,0.946047
21313244,9;9,23277,1.02896
21313424,9;9,23684,1.04952
21313442,8;4,22081,0.975545
21314234,8;6,22269,0.985878
21314243,8;7,22903,1.01363
21314324,8;6,21698,0.960183
21314342,8;7,22722,1.00414
21314423,9;9,20185,0.892083
21314432,9;9,20382,0.9018
21321344,8;5,22006,0.973982
21321434,8;7,22897,1.01404
21321443,8;1,20761,0.917109
21323144,9;5,22416,0.992024
21323414,9;5,23176,1.02674
21323441,8;5,20655,0.912924
21324134,8;7,21908,0.970338
21324143,8;1,22124,0.978453
21324314,8;6,21850,0.967367
21324341,8;7,21603,0.973021
21324413,9;9,20273,0.897444
21324431,9;9,19350,0.854888
21331244,9;5,20848,0.92118
21331424,9;6,20903,0.925135
21331442,9;3,19316,0.853525
21332144,9;8,20652,0.913187
21332414,9;6,21109,0.934839
21332441,9;4,18645,0.824132
21334124,8;6,19864,0.878701
21334142,8;7,20843,0.922346
21334214,8;6,20596,0.91145
21334241,8;7,20596,0.910787
21334412,8;6,19015,0.839016
21334421,8;7,17705,0.782535
21341234,8;6,23755,1.05345
21341243,8;7,23487,1.04053
21341324,9;9,23088,1.02275
21341342,8;3,23508,1.04516
21341423,9;9,23652,1.05235
21341432,7;6,24395,1.08082
21342134,8;7,24200,1.08585
21342143,8;6,23927,1.05968
21342314,8;7,24068,1.06665
21342341,8;5,23309,1.03319
21342413,8;5,24517,1.08822
21342431,8;5,23786,1.05508
21343124,8;5,23239,1.02965
21343142,8;3,23885,1.05896
21343214,8;6,23968,1.06226
21343241,8;6,23069,1.0258
21343412,8;6,24724,1.09586
21343421,8;5,23048,1.02215
21344123,8;6,22080,0.979869
21344132,8;7,23099,1.02937
21344213,8;6,22612,1.00305
21344231,8;7,22048,0.977929
21344312,8;6,22857,1.01232
21344321,8;2,21294,0.944138
21412334,7;3,21439,0.947264
21412343,8;5,23614,1.0478
21412433,8;5,22824,1.01099
21413234,8;6,22903,1.01194
21413243,8;7,22269,0.991078
21413324,9;9,20185,0.893759
21413342,9;9,20382,0.900786
21413423,8;6,21698,0.960832
21413432,8;6,22722,1.00412
21414233,9;9,23277,1.03553
21414323,9;9,23684,1.04969
21414332,8;5,22081,0.974835
21421334,8;1,20761,0.918344
21421343,8;7,22897,1.03352
21421433,8;5,22006,0.975272
21423134,8;1,22124,0.977138
21423143,8;7,21908,0.968879
21423314,9;9,20273,0.896834
21423341,9;9,19350,0.856127
21423413,8;6,21850,0.966727
21423431,8;6,21603,0.955474
21424133,9;5,22416,0.991454
21424313,9;5,23176,1.02663
21424331,8;6,20655,0.912974
21431234,8;6,23487,1.05041
21431243,8;7,23755,1.0535
21431324,9;9,23652,1.05478
21431342,7;6,24395,1.08045
21431423,9;9,23088,1.02296
21431432,8;3,23508,1.0414
21432134,8;4,23927,1.05895
21432143,8;7,24200,1.07404
21432314,8;5,24517,1.08623
21432341,8;5,23786,1.05468
21432413,8;7,24068,1.07168
21432431,8;5,23309,1.03289
21433124,8;6,22080,0.982451
21433142,8;7,23099,1.0228
21433214,8;6,22612,1.00093
21433241,8;7,22048,0.979889
21433412,8;6,22857,1.01689
21433421,8;7,21294,0.944127
21434123,8;7,23239,1.03158
21434132,8;3,23885,1.05906
21434213,8;6,23968,1.06293
21434231,8;6,23069,1.02256
21434312,8;6,24724,1.09571
21434321,8;5,23048,1.02263
21441233,9;5,20848,0.921102
21441323,9;6,20903,0.925159
21441332,9;3,19316,0.851645
21442133,9;8,20652,0.913216
21442313,9;6,21109,0.934297
21442331,9;4,18645,0.823042
21443123,8;6,19864,0.882657
21443132,8;4,20843,0.920831
21443213,8;6,20596,0.911005
21443231,8;4,20596,0.911954
21443312,8;6,19015,0.838831
21443321,8;7,17705,0.78696
22113344,9;5,11578,0.506059
22113434,9;5,14422,0.632617
22113443,9;5,12742,0.558944
22114334,9;6,12742,0.559046
22114343,9;5,14422,0.632549
22114433,9;5,11578,0.506883
22131344,9;4,15228,0.671758
22131434,9;1,15557,0.686672
22131443,9;1,14402,0.634025
22133144,9;4,14104,0.621379
22133414,8;6,14988,0.661113
22133441,9;1,13262,0.582784
22134134,8;6,14525,0.641171
22134143,8;7,15484,0.682962
22134314,8;6,15802,0.69618
22134341,8;7,15887,0.702654
22134413,8;6,14241,0.627471
22134431,8;6,13795,0.607667
22141334,9;1,14402,0.639096
22141343,9;1,15557,0.690783
22141433,9;4,15228,0.670703
22143134,8;6,15484,0.682437
22143143,8;7,14525,0.641145
22143314,8;6,14241,0.627648
22143341,8;7,13795,0.608374
22143413,8;6,15802,0.697566
22143431,8;6,15887,0.701079
22144133,9;4,14104,0.622729
22144313,8;6,14988,0.661106
22144331,9;1,13262,0.583522
22311344,9;4,14104,0.621531
22311434,8;2,14988,0.661454
22311443,9;1,13262,0.584527
22313144,9;4,15228,0.673023
22313414,9;1,15557,0.687037
22313441,9;1,14402,0.63402
22314134,8;6,15802,0.696939
22314143,8;7,15887,0.699912
22314314,8;6,14525,0.640889
22314341,8;7,15484,0.683659
22314413,8;6,13795,0.609204
22314431,8;7,14241,0.628612
22331144,9;8,11578,0.5067
22331414,9;6,14422,0.633623
22331441,9;6,12742,0.559614
22334114,9;6,12742,0.561376
22334141,9;6,14422,0.633316
22334411,9;6,11578,0.50676
22341134,8;2,14241,0.627202
22341143,8;2,13795,0.610089
22341314,8;6,15484,0.682089
22341341,8;7,14525,0.652382
22341413,8;6,15887,0.700966
22341431,8;7,15802,0.697689
22343114,9;6,14402,0.63401
22343141,9;6,15557,0.689905
22343411,9;7,15228,0.671052
22344113,9;7,13262,0.583131
22344131,8;6,14988,0.666752
22344311,9;6,14104,0.621636
22411334,9;1,13262,0.583042
22411343,8;2,14988,0.660775
22411433,9;4,14104,0.624557
22413134,8;6,15887,0.703642
22413143,8;7,15802,0.706514
22413314,8;6,13795,0.612531
22413341,8;7,14241,0.627947
22413413,8;6,14525,0.640487
22413431,8;6,15484,0.683836
22414133,9;4,15228,0.673705
22414313,9;1,15557,0.686205
22414331,9;1,14402,0.636168
22431134,8;2,13795,0.608167
22431143,8;2,14241,0.627369
22431314,8;6,15887,0.7008
22431341,8;7,15802,0.710049
22431413,8;6,15484,0.682647
22431431,8;7,14525,0.643238
22433114,9;6,13262,0.586188
22433141,8;7,14988,0.662682
22433411,9;5,14104,0.622583
22434113,9;7,14402,0.638609
22434131,9;4,15557,0.68717
22434311,9;6,15228,0.67065
22441133,9;8,11578,0.50812
22441313,9;6,14422,0.633819
22441331,9;4,12742,0.558514
22443113,9;6,12742,0.55971
22443131,9;6,14422,0.633234
22443311,9;6,11578,0.532267
23112344,9;6,20652,0.91376
23112434,9;6,21109,0.934997
23112443,9;6,18645,0.823373
23113244,9;8,20848,0.949275
23113424,9;6,20903,0.926245
23113442,9;4,19316,0.852332
23114234,8;6,20596,0.934058
23114243,8;7,20596,0.917657
23114324,8;6,19864,0.87937
23114342,8;7,20843,0.924313
23114423,8;6,17705,0.782922
23114432,8;6,19015,0.839918
23121344,9;6,22416,0.993427
23121434,9;6,23176,1.02681
23121443,8;4,20655,0.914821
23123144,8;7,22006,0.973803
23123414,8;6,22897,1.01503
23123441,8;5,20761,0.916953
23124134,8;6,21850,0.966314
23124143,8;7,21603,0.955246
23124314,8;6,21908,0.971987
23124341,8;5,22124,0.984965
23124413,9;9,19350,0.855733
23124431,9;9,20273,0.896557
23131244,9;9,23277,1.03008
23131424,9;9,23684,1.04974
23131442,8;5,22081,0.978272
23132144,8;5,22824,1.00949
23132414,8;5,23614,1.04668
23132441,7;6,21439,0.947561
23134124,8;6,21698,0.959414
23134142,8;7,22722,1.01003
23134214,8;6,22269,0.984879
23134241,8;7,22903,1.01403
23134412,9;9,20382,0.937919
23134421,9;9,20185,0.893243
23141234,8;5,23968,1.0624
23141243,8;7,23069,1.02221
23141324,8;5,23239,1.03221
23141342,8;5,23885,1.05922
23141423,8;5,23048,1.02414
23141432,8;5,24724,1.09625
23142134,8;7,24068,1.07748
23142143,8;6,23309,1.03349
23142314,8;7,24200,1.07352
23142341,8;5,23927,1.06491
23142413,8;5,23786,1.05494
23142431,8;5,24517,1.0866
23143124,9;9,23088,1.02511
23143142,8;3,23508,1.04132
23143214,8;6,23755,1.05489
23143241,8;7,23487,1.06588
23143412,7;6,24395,1.07966
23143421,9;9,23652,1.05656
23144123,8;7,21294,0.94377
23144132,8;3,22857,1.01261
23144213,8;6,22048,0.977267
23144231,8;7,22612,1.01367
23144312,8;6,23099,1.02324
23144321,8;7,22080,0.97839
23211344,8;8,21680,0.987716
23211434,8;7,22488,0.998999
23211443,8;8,19917,0.879886
23213144,8;7,23437,1.0485
23213414,8;6,23653,1.04921
23213441,9;9,21775,0.973812
23214134,8;6,24737,1.09818
23214143,8;7,24840,1.10546
23214314,7;4,24417,1.08332
23214341,9;9,25337,1.12505
23214413,8;8,22170,1.01987
23214431,8;6,22932,1.01778
23231144,8;8,21980,0.971435
23231414,8;6,27192,1.22127
23231441,8;6,24344,1.08118
23234114,8;6,24344,1.07835
23234141,8;6,27192,1.20662
23234411,8;8,21980,0.971359
23241134,8;6,22932,1.01734
23241143,8;8,22170,0.992468
23241314,9;9,25337,1.12456
23241341,7;3,24417,1.08379
23241413,8;5,24840,1.10311
23241431,8;6,24737,1.09688
23243114,9;9,21775,0.96342
23243141,8;5,23653,1.0499
23243411,8;5,23437,1.0401
23244113,8;8,19917,0.880756
23244131,8;6,22488,0.99709
23244311,8;8,21680,0.958585
23311244,9;4,20527,0.908174
23311424,8;6,21110,0.938823
23311442,9;1,19576,0.882207
23312144,9;4,22530,0.99839
23312414,9;1,22655,1.00537
23312441,9;1,20693,0.914954
23314124,8;6,22973,1.02019
23314142,8;5,24348,1.07965
23314214,8;6,23060,1.03071
23314241,8;7,24042,1.06865
23314412,8;5,21580,0.956149
23314421,8;7,21153,0.942153
23321144,9;8,19816,0.883326
23321414,9;6,24929,1.1065
23321441,9;6,22246,0.98704
23324114,9;6,22246,0.985219
23324141,9;6,24929,1.11148
23324411,9;6,19816,0.87705
23341124,8;6,21153,0.941521
23341142,8;7,21580,0.956806
23341214,8;6,24042,1.0669
23341241,8;7,23060,1.0233
23341412,8;5,24348,1.08034
23341421,8;7,22973,1.02219
23342114,9;6,20693,0.916507
23342141,9;6,22655,1.00559
23342411,9;6,22530,1.00129
23344112,9;7,19576,0.864312
23344121,8;6,21110,0.936364
23344211,9;6,20527,0.916457
23411234,8;6,22612,1.00146
23411243,8;7,22048,0.97771
23411324,8;6,22080,0.978877
23411342,8;7,23099,1.03514
23411423,8;6,21294,0.943734
23411432,8;6,22857,1.01306
23412134,8;6,24517,1.1178
23412143,8;6,23786,1.05447
23412314,8;5,23927,1.06033
23412341,8;5,24200,1.07363
23412413,8;6,23309,1.03402
23412431,8;6,24068,1.06728
23413124,9;9,23652,1.05003
23413142,7;6,24395,1.08164
23413214,8;6,23487,1.04732
23413241,8;7,23755,1.05316
23413412,8;6,23508,1.0439
23413421,9;9,23088,1.02316
23414123,8;7,23048,1.02485
23414132,8;3,24724,1.09662
23414213,8;6,23069,1.02311
23414231,8;2,23968,1.06493
23414312,8;5,23885,1.05708
23414321,8;2,23239,1.03489
23421134,9;9,20273,0.904602
23421143,9;9,19350,0.857595
23421314,8;5,22124,0.979291
23421341,8;5,21908,0.969715
23421413,8;5,21603,0.956928
23421431,8;6,21850,0.969931
23423114,8;5,20761,0.917195
23423141,8;5,22897,1.01849
23423411,8;5,22006,0.978446
23424113,8;5,20655,0.911727
23424131,9;6,23176,1.02613
23424311,9;6,22416,0.992159
23431124,9;9,20185,0.892634
23431142,9;9,20382,0.900811
23431214,8;6,22903,1.0131
23431241,8;7,22269,0.986154
23431412,8;6,22722,1.00496
23431421,8;7,21698,0.961669
23432114,7;3,21439,0.960991
23432141,8;6,23614,1.0469
23432411,8;6,22824,1.01028
23434112,8;6,22081,0.97448
23434121,9;9,23684,1.04943
23434211,9;9,23277,1.03291
23441123,8;6,17705,0.783174
23441132,8;7,19015,0.847107
23441213,8;6,20596,0.911805
23441231,8;7,20596,0.911694
23441312,8;5,20843,0.919875
23441321,8;7,19864,0.879647
23442113,9;6,18645,0.823116
23442131,9;6,21109,0.934518
23442311,9;6,20652,0.912353
23443112,9;7,19316,0.852121
23443121,9;6,20903,0.926346
23443211,9;8,20848,0.920674
24112334,9;7,18645,0.827343
24112343,9;6,21109,0.938106
24112433,9;6,20652,0.913345
24113234,8;6,20596,0.9096
24113243,8;7,20596,0.91063
24113324,8;6,17705,0.783309
24113342,8;7,19015,0.839377
24113423,8;6,19864,0.878809
24113432,8;6,20843,0.921137
24114233,9;8,20848,0.922819
24114323,9;6,20903,0.926061
24114332,9;7,19316,0.852513
24121334,8;3,20655,0.911805
24121343,9;6,23176,1.02841
24121433,9;6,22416,0.991102
24123134,8;3,21603,0.954878
24123143,8;7,21850,0.967736
24123314,9;9,19350,0.858821
24123341,9;9,20273,0.896597
24123413,8;5,21908,0.981588
24123431,8;5,22124,0.979704
24124133,8;7,22006,0.974161
24124313,8;5,22897,1.01485
24124331,8;5,20761,0.91789
24131234,8;3,23069,1.02222
24131243,8;4,23968,1.06804
24131324,8;5,23048,1.02185
24131342,8;5,24724,1.09564
24131423,8;4,23239,1.03163
24131432,8;5,23885,1.05987
24132134,8;4,23309,1.03313
24132143,8;7,24068,1.07053
24132314,8;5,23786,1.05493
24132341,8;5,24517,1.1352
24132413,8;7,24200,1.07403
24132431,8;5,23927,1.09232
24133124,8;7,21294,0.943203
24133142,8;3,22857,1.0122
24133214,8;6,22048,0.977199
24133241,8;7,22612,1.0012
24133412,8;6,23099,1.02518
24133421,8;7,22080,0.978229
24134123,9;9,23088,1.02702
24134132,8;3,23508,1.0569
24134213,8;6,23755,1.05601
24134231,8;7,23487,1.03984
24134312,7;6,24395,1.08482
24134321,9;9,23652,1.05075
24141233,9;9,23277,1.03557
24141323,9;9,23684,1.05417
24141332,8;5,22081,0.97737
24142133,8;5,22824,1.00971
24142313,8;5,23614,1.0492
24142331,7;6,21439,0.946078
24143123,8;4,21698,0.963375
24143132,8;6,22722,1.00409
24143213,8;6,22269,1.01894
24143231,8;4,22903,1.0341
24143312,9;9,20382,0.901136
24143321,9;9,20185,0.905145
24211334,8;8,19917,0.883116
24211343,8;7,22488,0.998498
24211433,8;8,21680,0.960497
24213134,8;7,24840,1.10277
24213143,8;6,24737,1.1007
24213314,8;8,22170,0.984378
24213341,8;6,22932,1.01622
24213413,7;4,24417,1.0845
24213431,9;9,25337,1.12601
24214133,8;7,23437,1.03877
24214313,8;6,23653,1.05012
24214331,9;9,21775,0.963874
24231134,8;8,22170,0.986814
24231143,8;6,22932,1.01945
24231314,8;7,24840,1.10317
24231341,8;1,24737,1.09826
24231413,9;9,25337,1.12852
24231431,7;3,24417,1.08481
24233114,8;8,19917,0.886162
24233141,8;1,22488,1.00204
24233411,8;8,21680,0.958791
24234113,9;9,21775,0.962488
24234131,8;5,23653,1.04817
24234311,8;5,23437,1.03637
24241133,8;8,21980,0.975807
24241313,8;6,27192,1.20635
24241331,8;6,24344,1.07992
24243113,8;6,24344,1.078
24243131,8;6,27192,1.20694
24243311,8;8,21980,0.970649
24311234,8;6,22048,0.981227
24311243,8;7,22612,1.00288
24311324,8;6,21294,0.955669
24311342,8;7,22857,1.01147
24311423,8;6,22080,0.979065
24311432,8;6,23099,1.02228
24312134,8;1,23786,1.05343
24312143,8;6,24517,1.08703
24312314,8;1,23309,1.03404
24312341,8;1,24068,1.07627
24312413,8;5,23927,1.06026
24312431,8;5,24200,1.10193
24313124,8;7,23048,1.02176
24313142,8;3,24724,1.09574
24313214,8;6,23069,1.02257
24313241,8;2,23968,1.06314
24313412,8;5,23885,1.05806
24313421,8;2,23239,1.03079
24314123,9;9,23652,1.04782
24314132,7;6,24395,1.0801
24314213,8;6,23487,1.04037
24314231,8;7,23755,1.06547
24314312,8;6,23508,1.04144
24314321,9;9,23088,1.02521
24321134,9;9,19350,0.864855
24321143,9;9,20273,0.896956
24321314,8;5,21603,0.955842
24321341,8;7,21850,0.967073
24321413,8;4,22124,0.985524
24321431,8;4,21908,0.968773
24323114,8;5,20655,0.914057
24323141,9;6,23176,1.02761
24323411,9;6,22416,0.99107
24324113,8;4,20761,0.9167
24324131,8;4,22897,1.01546
24324311,8;5,22006,0.974078
24331124,8;6,17705,0.828257
24331142,8;7,19015,0.839723
24331214,8;6,20596,0.913314
24331241,8;7,20596,0.910637
24331412,8;5,20843,0.921278
24331421,8;7,19864,0.887626
24332114,9;6,18645,0.836782
24332141,9;6,21109,0.951051
24332411,9;6,20652,0.913209
24334112,9;7,19316,0.854058
24334121,9;6,20903,0.933839
24334211,9;8,20848,0.921485
24341123,9;9,20185,0.892065
24341132,9;9,20382,0.902585
24341213,8;6,22903,1.02118
24341231,8;7,22269,1.00437
24341312,8;6,22722,1.01918
24341321,8;7,21698,0.959787
24342113,7;4,21439,0.945937
24342131,8;6,23614,1.04797
24342311,8;6,22824,1.01012
24343112,8;6,22081,0.974874
24343121,9;9,23684,1.04912
24343211,9;9,23277,1.03666
24411233,9;4,20527,0.907148
24411323,8;6,21110,0.937574
24411332,9;1,19576,0.86422
24412133,9;4,22530,1.03737
24412313,9;1,22655,1.00427
24412331,9;1,20693,0.915579
24413123,8;6,22973,1.01934
24413132,8;5,24348,1.07989
24413213,8;6,23060,1.02426
24413231,8;7,24042,1.06808
24413312,8;5,21580,0.956305
24413321,8;6,21153,0.939644
24421133,9;8,19816,0.87667
24421313,9;6,24929,1.10583
24421331,9;6,22246,0.985608
24423113,9;6,22246,0.986249
24423131,9;6,24929,1.11139
24423311,9;6,19816,0.875228
24431123,8;6,21153,0.938509
24431132,8;6,21580,0.957469
24431213,8;6,24042,1.07022
24431231,8;7,23060,1.02239
24431312,8;5,24348,1.0976
24431321,8;7,22973,1.02018
24432113,9;6,20693,0.919208
24432131,9;6,22655,1.0059
24432311,9;6,22530,1.00222
24433112,9;7,19576,0.863386
24433121,8;7,21110,0.936569
24433211,9;6,20527,0.907285
31122344,9;8,20527,0.907189
31122434,8;7,21110,0.935474
31122443,9;1,19576,0.864044
31123244,9;8,22530,0.998732
31123424,9;6,22655,1.00608
31123442,9;6,20693,0.91613
31124234,8;6,22973,1.0188
31124243,8;7,24348,1.09385
31124324,8;6,23060,1.02484
31124342,8;7,24042,1.06641
31124423,8;6,21580,0.957573
31124432,8;7,21153,0.942849
31132244,9;8,19816,0.875802
31132424,9;6,24929,1.10661
31132442,9;6,22246,0.985575
31134224,9;7,22246,0.985457
31134242,9;6,24929,1.10616
31134422,9;6,19816,0.881163
31142234,8;6,21153,0.939137
31142243,8;7,21580,0.957921
31142324,8;6,24042,1.06659
31142342,8;7,23060,1.03157
31142423,8;6,24348,1.08459
31142432,8;7,22973,1.02048
31143224,9;7,20693,0.915846
31143242,9;6,22655,1.00435
31143422,9;5,22530,0.997464
31144223,9;7,19576,0.863699
31144232,8;6,21110,0.952774
31144322,9;6,20527,0.907756
31212344,9;9,23277,1.03065
31212434,9;9,23684,1.04987
31212443,8;4,22081,0.976526
31213244,8;6,22824,1.00981
31213424,8;6,23614,1.04722
31213442,7;6,21439,0.950638
31214234,8;6,21698,0.959893
31214243,8;7,22722,1.00962
31214324,8;6,22269,0.984167
31214342,8;7,22903,1.01189
31214423,9;9,20382,0.901346
31214432,9;9,20185,0.928362
31221344,9;5,20848,0.921276
31221434,9;6,20903,0.929452
31221443,9;3,19316,0.851417
31223144,9;8,20652,0.915946
31223414,9;6,21109,0.936191
31223441,9;4,18645,0.825569
31224134,8;6,19864,0.87945
31224143,8;7,20843,0.921798
31224314,8;6,20596,0.911267
31224341,8;7,20596,0.912246
31224413,8;6,19015,0.84026
31224431,8;7,17705,0.78344
31231244,8;5,22006,0.973471
31231424,8;6,22897,1.01444
31231442,8;1,20761,0.933447
31232144,9;5,22416,0.991456
31232414,9;5,23176,1.02601
31232441,8;3,20655,0.918174
31234124,8;6,21908,0.96917
31234142,8;1,22124,0.978224
31234214,8;6,21850,0.967058
31234241,8;7,21603,0.955658
31234412,9;9,20273,0.897065
31234421,9;9,19350,0.857682
31241234,9;9,23088,1.02364
31241243,8;3,23508,1.04084
31241324,8;6,23755,1.05506
31241342,8;7,23487,1.04069
31241423,7;6,24395,1.07937
31241432,9;9,23652,1.04882
31242134,8;5,23239,1.03062
31242143,8;3,23885,1.05787
31242314,8;6,23968,1.06252
31242341,8;6,23069,1.02224
31242413,8;6,24724,1.09624
31242431,8;5,23048,1.02364
31243124,8;7,24200,1.07408
31243142,8;6,23927,1.06076
31243214,8;7,24068,1.06747
31243241,8;5,23309,1.03453
31243412,8;3,24517,1.08737
31243421,8;3,23786,1.05495
31244123,8;6,23099,1.02696
31244132,8;7,22080,0.981828
31244213,8;6,22857,1.01839
31244231,8;2,21294,0.950118
31244312,8;6,22612,1.00756
31244321,8;6,22048,0.978235
31312244,8;8,21980,0.971212
31312424,8;6,27192,1.207
31312442,8;5,24344,1.07831
31314224,8;5,24344,1.07766
31314242,8;6,27192,1.20787
31314422,8;8,21980,0.972147
31321244,8;7,23437,1.04022
31321424,8;6,23653,1.04924
31321442,9;9,21775,0.964109
31322144,8;8,21680,0.974939
31322414,8;6,22488,0.998063
31322441,8;8,19917,0.88639
31324124,7;4,24417,1.08396
31324142,9;9,25337,1.12556
31324214,8;5,24737,1.10637
31324241,8;5,24840,1.10996
31324412,8;4,22932,1.01812
31324421,8;8,22170,0.991351
31341224,9;9,21775,0.964409
31341242,8;4,23653,1.05008
31341422,8;4,23437,1.04553
31342124,9;9,25337,1.12558
31342142,7;3,24417,1.08493
31342214,8;5,22932,1.02984
31342241,8;8,22170,0.98697
31342412,8;7,24737,1.10505
31342421,8;3,24840,1.11849
31344122,8;8,21680,0.966527
31344212,8;7,22488,1.00144
31344221,8;8,19917,0.879786
31412234,9;9,20185,0.925558
31412243,9;9,20382,0.900835
31412324,8;6,22903,1.01421
31412342,8;7,22269,0.984994
31412423,8;5,22722,1.00416
31412432,8;7,21698,0.960061
31413224,7;3,21439,0.949918
31413242,8;5,23614,1.0459
31413422,8;5,22824,1.00917
31414223,8;5,22081,0.976012
31414232,9;9,23684,1.05427
31414322,9;9,23277,1.02916
31421234,9;9,23652,1.04762
31421243,7;6,24395,1.08289
31421324,8;6,23487,1.04085
31421342,8;7,23755,1.05491
31421423,8;7,23508,1.04164
31421432,9;9,23088,1.02717
31422134,8;6,22080,0.978357
31422143,8;7,23099,1.02295
31422314,8;6,22612,1.00869
31422341,8;7,22048,0.97899
31422413,8;6,22857,1.01208
31422431,8;7,21294,0.943966
31423124,8;4,23927,1.06044
31423142,8;6,24200,1.0746
31423214,8;3,24517,1.08726
31423241,8;5,23786,1.05482
31423412,8;6,24068,1.06809
31423421,8;7,23309,1.03356
31424123,8;6,23885,1.05827
31424132,8;7,23239,1.03339
31424213,8;6,24724,1.09637
31424231,8;5,23048,1.02348
31424312,8;6,23968,1.06256
31424321,8;6,23069,1.02341
31431224,8;1,20761,0.916411
31431242,8;7,22897,1.01543
31431422,8;5,22006,0.974
31432124,8;1,22124,0.979973
31432142,8;7,21908,0.96921
31432214,9;9,20273,0.896508
31432241,9;9,19350,0.856384
31432412,8;7,21850,0.967326
31432421,8;3,21603,0.956013
31434122,9;5,22416,1.00938
31434212,9;5,23176,1.03465
31434221,8;6,20655,0.919229
31441223,9;2,19316,0.853142
31441232,9;6,20903,0.927123
31441322,9;5,20848,0.945077
31442123,8;3,20843,0.921852
31442132,8;7,19864,0.879466
31442213,8;6,19015,0.866497
31442231,8;7,17705,0.789996
31442312,8;6,20596,0.914713
31442321,8;4,20596,0.910866
31443122,9;8,20652,0.913925
31443212,9;6,21109,0.935241
31443221,9;7,18645,0.825077
32112344,9;8,20848,0.921963
32112434,9;6,20903,0.927148
32112443,9;3,19316,0.854072
32113244,9;8,20652,0.92162
32113424,9;6,21109,0.93705
32113442,9;6,18645,0.825344
32114234,8;6,19864,0.880572
32114243,8;7,20843,0.920792
32114324,8;6,20596,0.920045
32114342,8;7,20596,0.910833
32114423,8;6,19015,0.839547
32114432,8;7,17705,0.800357
32121344,9;9,23277,1.03044
32121434,9;9,23684,1.05322
32121443,8;4,22081,0.975972
32123144,8;7,22824,1.00953
32123414,8;7,23614,1.0604
32123441,7;6,21439,0.953153
32124134,8;6,21698,0.964775
32124143,8;7,22722,1.00405
32124314,8;6,22269,0.985037
32124341,8;7,22903,1.01309
32124413,9;9,20382,0.900838
32124431,9;9,20185,0.894982
32131244,9;6,22416,0.994632
32131424,9;6,23176,1.02972
32131442,8;5,20655,0.913725
32132144,8;5,22006,0.972951
32132414,8;6,22897,1.02697
32132441,8;4,20761,0.923323
32134124,8;6,21850,0.966103
32134142,8;7,21603,0.962279
32134214,8;6,21908,0.970558
32134241,8;4,22124,0.978634
32134412,9;9,19350,0.855918
32134421,9;9,20273,0.897033
32141234,8;5,23239,1.03064
32141243,8;3,23885,1.05831
32141324,8;5,23968,1.06246
32141342,8;5,23069,1.02247
32141423,8;5,24724,1.09615
32141432,8;5,23048,1.02336
32142134,9;9,23088,1.02311
32142143,8;3,23508,1.04056
32142314,8;6,23755,1.05306
32142341,8;7,23487,1.04614
32142413,7;6,24395,1.0817
32142431,9;9,23652,1.04886
32143124,8;7,24068,1.06786
32143142,8;6,23309,1.0338
32143214,8;7,24200,1.07319
32143241,8;5,23927,1.06122
32143412,8;3,23786,1.05491
32143421,8;3,24517,1.08855
32144123,8;7,22857,1.0137
32144132,8;3,21294,0.945332
32144213,8;6,23099,1.02366
32144231,8;7,22080,0.978369
32144312,8;6,22048,0.977231
32144321,8;7,22612,1.0029
32211344,9;4,20527,0.908609
32211434,8;7,21110,0.936143
32211443,9;1,19576,0.864677
32213144,9;4,22530,0.998786
32213414,9;1,22655,1.00517
32213441,9;1,20693,0.917639
32214134,8;6,22973,1.02067
32214143,8;7,24348,1.08787
32214314,8;6,23060,1.02733
32214341,8;7,24042,1.06963
32214413,8;6,21580,0.957698
32214431,8;7,21153,0.939764
32231144,9;8,19816,0.875013
32231414,9;6,24929,1.10512
32231441,9;6,22246,0.991344
32234114,9;7,22246,0.987026
32234141,9;6,24929,1.11022
32234411,9;6,19816,0.875368
32241134,8;7,21153,0.938395
32241143,8;7,21580,0.956771
32241314,8;6,24042,1.07467
32241341,8;7,23060,1.0241
32241413,8;6,24348,1.08026
32241431,8;7,22973,1.01888
32243114,9;7,20693,0.91483
32243141,9;6,22655,1.0054
32243411,9;6,22530,0.998404
32244113,9;7,19576,0.863828
32244131,8;6,21110,0.936534
32244311,9;6,20527,0.908061
32311244,8;8,21680,0.958517
32311424,8;6,22488,0.997
32311442,8;8,19917,0.879784
32312144,8;6,23437,1.04808
32312414,8;6,23653,1.04894
32312441,9;9,21775,0.963481
32314124,8;5,24737,1.09696
32314142,8;5,24840,1.10325
32314214,7;4,24417,1.08453
32314241,9;9,25337,1.12748
32314412,8;8,22170,0.985543
32314421,8;4,22932,1.0191
32321144,8;8,21980,0.973373
32321414,8;6,27192,1.20662
32321441,8;5,24344,1.07881
32324114,8;5,24344,1.08671
32324141,8;7,27192,1.20798
32324411,8;8,21980,0.978873
32341124,8;5,22932,1.02852
32341142,8;8,22170,0.984156
32341214,9;9,25337,1.12425
32341241,7;3,24417,1.08983
32341412,8;5,24840,1.10966
32341421,8;6,24737,1.09939
32342114,9;9,21775,0.971706
32342141,8;4,23653,1.05163
32342411,8;4,23437,1.04626
32344112,8;8,19917,0.879865
32344121,8;6,22488,0.997372
32344211,8;8,21680,0.959081
32411234,8;6,22080,0.979585
32411243,8;7,23099,1.02385
32411324,8;6,22612,1.00819
32411342,8;7,22048,0.97881
32411423,8;6,22857,1.01251
32411432,8;7,21294,0.946863
32412134,9;9,23652,1.05011
32412143,7;6,24395,1.0893
32412314,8;6,23487,1.04062
32412341,8;7,23755,1.07119
32412413,8;6,23508,1.04069
32412431,9;9,23088,1.02448
32413124,8;5,24517,1.08688
32413142,8;6,23786,1.05441
32413214,8;3,23927,1.06023
32413241,8;2,24200,1.07573
32413412,8;6,23309,1.04152
32413421,8;6,24068,1.06842
32414123,8;7,24724,1.09756
32414132,8;3,23048,1.02374
32414213,8;6,23885,1.05862
32414231,8;2,23239,1.03476
32414312,8;5,23069,1.02777
32414321,8;2,23968,1.06956
32421134,9;9,20185,0.897847
32421143,9;9,20382,0.899555
32421314,8;6,22903,1.02112
32421341,8;7,22269,0.995554
32421413,8;5,22722,1.00831
32421431,8;6,21698,0.960501
32423114,7;3,21439,0.947007
32423141,8;6,23614,1.04688
32423411,8;6,22824,1.01652
32424113,8;5,22081,0.974618
32424131,9;9,23684,1.05878
32424311,9;9,23277,1.03192
32431124,9;9,20273,0.896434
32431142,9;9,19350,0.855177
32431214,8;1,22124,0.979148
32431241,8;1,21908,0.971006
32431412,8;6,21603,0.957719
32431421,8;7,21850,0.968439
32432114,8;1,20761,0.917748
32432141,8;1,22897,1.01647
32432411,8;5,22006,0.97409
32434112,8;6,20655,0.912338
32434121,9;6,23176,1.0264
32434211,9;6,22416,0.99199
32441123,8;6,19015,0.850229
32441132,8;7,17705,0.782962
32441213,8;6,20843,0.920511
32441231,8;7,19864,0.879317
32441312,8;5,20596,0.909419
32441321,8;7,20596,0.922466
32442113,9;6,19316,0.852107
32442131,9;6,20903,0.932832
32442311,9;5,20848,0.929845
32443112,9;7,18645,0.824066
32443121,9;6,21109,0.933778
32443211,9;6,20652,0.912262
33112244,9;5,11578,0.506994
33112424,9;5,14422,0.632882
33112442,9;5,12742,0.559396
33114224,9;6,12742,0.558957
33114242,9;5,14422,0.633411
33114422,9;5,11578,0.506868
33121244,9;4,15228,0.670234
33121424,9;1,15557,0.68708
33121442,9;1,14402,0.633767
33122144,9;4,14104,0.620547
33122414,8;7,14988,0.661987
33122441,9;1,13262,0.58354
33124124,8;6,14525,0.641321
33124142,8;7,15484,0.682434
33124214,8;6,15802,0.697272
33124241,8;7,15887,0.700027
33124412,8;6,14241,0.628449
33124421,8;6,13795,0.608536
33141224,9;1,14402,0.63357
33141242,9;1,15557,0.686635
33141422,9;4,15228,0.670948
33142124,8;6,15484,0.681895
33142142,8;7,14525,0.64093
33142214,8;7,14241,0.627907
33142241,8;3,13795,0.607741
33142412,8;6,15802,0.697086
33142421,8;6,15887,0.700351
33144122,9;4,14104,0.621455
33144212,8;6,14988,0.661762
33144221,9;1,13262,0.582851
33211244,9;4,14104,0.621305
33211424,8;3,14988,0.661257
33211442,9;1,13262,0.582588
33212144,9;4,15228,0.670672
33212414,9;1,15557,0.686757
33212441,9;1,14402,0.633576
33214124,8;6,15802,0.69906
33214142,8;7,15887,0.707643
33214214,8;6,14525,0.640409
33214241,8;7,15484,0.682004
33214412,8;6,13795,0.617295
33214421,8;7,14241,0.627953
33221144,9;8,11578,0.50701
33221414,9;6,14422,0.636075
33221441,9;6,12742,0.563334
33224114,9;6,12742,0.558721
33224141,9;5,14422,0.633307
33224411,9;6,11578,0.507202
33241124,8;3,14241,0.627133
33241142,8;3,13795,0.608554
33241214,8;6,15484,0.68271
33241241,8;7,14525,0.640352
33241412,8;6,15887,0.699722
33241421,8;7,15802,0.704457
33242114,9;6,14402,0.633834
33242141,9;6,15557,0.686625
33242411,9;7,15228,0.679104
33244112,9;7,13262,0.582651
33244121,8;6,14988,0.670572
33244211,9;6,14104,0.621252
33411224,9;1,13262,0.583608
33411242,8;3,14988,0.66163
33411422,9;4,14104,0.620685
33412124,8;6,15887,0.70001
33412142,8;7,15802,0.697433
33412214,8;7,13795,0.608176
33412241,8;3,14241,0.627957
33412412,8;6,14525,0.640897
33412421,8;6,15484,0.681743
33414122,9;4,15228,0.669994
33414212,9;1,15557,0.6858
33414221,9;1,14402,0.633976
33421124,8;3,13795,0.607935
33421142,8;3,14241,0.630884
33421214,8;6,15887,0.700015
33421241,8;7,15802,0.697309
33421412,8;6,15484,0.683525
33421421,8;7,14525,0.640094
33422114,9;6,13262,0.598359
33422141,8;3,14988,0.661313
33422411,9;5,14104,0.620956
33424112,9;7,14402,0.635039
33424121,9;4,15557,0.685593
33424211,9;6,15228,0.671257
33441122,9;8,11578,0.507102
33441212,9;6,14422,0.633754
33441221,9;4,12742,0.559126
33442112,9;6,12742,0.559329
33442121,9;4,14422,0.633449
33442211,9;6,11578,0.528863
34112234,8;6,17705,0.78176
34112243,8;7,19015,0.846891
34112324,8;6,20596,0.910072
34112342,8;7,20596,0.911044
34112423,8;6,20843,0.921522
34112432,8;7,19864,0.879996
34113224,9;7,18645,0.823265
34113242,9;6,21109,0.937751
34113422,9;6,20652,0.912969
34114223,9;7,19316,0.853011
34114232,9;6,20903,0.925897
34114322,9;8,20848,0.921368
34121234,8;3,23048,1.0277
34121243,8;3,24724,1.09647
34121324,8;3,23069,1.02779
34121342,8;4,23968,1.07218
34121423,8;6,23885,1.05851
34121432,8;4,23239,1.03081
34122134,8;3,21294,0.944192
34122143,8;3,22857,1.0174
34122314,8;6,22048,0.982567
34122341,8;7,22612,1.00807
34122413,8;6,23099,1.02479
34122431,8;7,22080,0.978205
34123124,8;4,23309,1.03351
34123142,8;6,24068,1.06803
34123214,8;3,23786,1.05995
34123241,8;5,24517,1.08734
34123412,8;6,24200,1.07488
34123421,8;7,23927,1.06097
34124123,8;6,23508,1.04047
34124132,9;9,23088,1.02346
34124213,7;6,24395,1.08313
34124231,9;9,23652,1.04857
34124312,8;6,23755,1.05366
34124321,8;6,23487,1.04372
34131224,8;1,20655,0.913197
34131242,9;6,23176,1.03088
34131422,9;6,22416,0.991797
34132124,8;1,21603,0.957428
34132142,8;4,21850,0.968004
34132214,9;9,19350,0.874228
34132241,9;9,20273,0.897484
34132412,8;5,21908,0.969898
34132421,8;5,22124,0.977485
34134122,8;7,22006,0.977961
34134212,8;5,22897,1.01447
34134221,8;5,20761,0.921888
34141223,8;1,22081,0.97965
34141232,9;9,23684,1.05051
34141322,9;9,23277,1.03045
34142123,8;1,22722,1.00464
34142132,8;4,21698,0.963784
34142213,9;9,20382,0.915151
34142231,9;9,20185,0.894472
34142312,8;6,22269,0.98492
34142321,8;4,22903,1.01209
34143122,8;6,22824,1.01616
34143212,8;6,23614,1.04983
34143221,7;6,21439,0.946815
34211234,8;6,21294,0.945319
34211243,8;7,22857,1.02014
34211324,8;6,22048,0.975992
34211342,8;7,22612,1.00168
34211423,8;6,23099,1.02251
34211432,8;7,22080,0.977749
34212134,8;3,23048,1.02756
34212143,8;3,24724,1.09585
34212314,8;6,23069,1.02863
34212341,8;2,23968,1.06432
34212413,8;6,23885,1.05862
34212431,8;2,23239,1.03378
34213124,8;1,23786,1.05563
34213142,8;1,24517,1.0877
34213214,8;1,23309,1.03371
34213241,8;1,24068,1.06882
34213412,8;3,23927,1.06062
34213421,8;3,24200,1.0767
34214123,7;6,24395,1.08051
34214132,9;9,23652,1.05014
34214213,8;6,23508,1.04131
34214231,9;9,23088,1.0245
34214312,8;6,23487,1.042
34214321,8;7,23755,1.05478
34221134,8;6,17705,0.782696
34221143,8;7,19015,0.841938
34221314,8;6,20596,0.913524
34221341,8;7,20596,0.912285
34221413,8;6,20843,0.933575
34221431,8;7,19864,0.880102
34223114,9;6,18645,0.824202
34223141,9;6,21109,0.941662
34223411,9;6,20652,0.912375
34224113,9;7,19316,0.851367
34224131,9;6,20903,0.925212
34224311,9;8,20848,0.921867
34231124,9;9,19350,0.855536
34231142,9;9,20273,0.896338
34231214,8;1,21603,0.955693
34231241,8;4,21850,0.967145
34231412,8;5,22124,0.978983
34231421,8;5,21908,0.988225
34232114,8;1,20655,0.915786
34232141,9;6,23176,1.03983
34232411,9;6,22416,0.991184
34234112,8;5,20761,0.916749
34234121,8;5,22897,1.01463
34234211,8;5,22006,0.972989
34241123,9;9,20382,0.899052
34241132,9;9,20185,0.893261
34241213,8;1,22722,1.00299
34241231,8;4,21698,0.960007
34241312,8;6,22903,1.01297
34241321,8;7,22269,0.985796
34242113,8;1,22081,0.974852
34242131,9;9,23684,1.05405
34242311,9;9,23277,1.02851
34243112,7;4,21439,0.946609
34243121,8;6,23614,1.04766
34243211,8;6,22824,1.00953
34311224,8;8,19917,0.88037
34311242,8;7,22488,0.997903
34311422,8;8,21680,0.958088
34312124,8;7,24840,1.10624
34312142,8;6,24737,1.09657
34312214,8;8,22170,0.98349
34312241,8;6,22932,1.0213
34312412,7;4,24417,1.08895
34312421,9;9,25337,1.1239
34314122,8;7,23437,1.05275
34314212,8;6,23653,1.05054
34314221,9;9,21775,0.964469
34321124,8;8,22170,0.984798
34321142,8;6,22932,1.01854
34321214,8;7,24840,1.1035
34321241,8;1,24737,1.09827
34321412,9;9,25337,1.12484
34321421,7;4,24417,1.08339
34322114,8;8,19917,0.879183
34322141,8;1,22488,1.00131
34322411,8;8,21680,0.968811
34324112,9;9,21775,0.964694
34324121,8;5,23653,1.04956
34324211,8;5,23437,1.03954
34341122,8;8,21980,0.971128
34341212,8;6,27192,1.20681
34341221,8;6,24344,1.07935
34342112,8;6,24344,1.07888
34342121,8;6,27192,1.20899
34342211,8;8,21980,0.970014
34411223,9;1,19576,0.864382
34411232,8;6,21110,0.93626
34411322,9;4,20527,0.908232
34412123,8;5,24348,1.07945
34412132,8;7,22973,1.0207
34412213,8;7,21580,0.957005
34412231,8;6,21153,0.940098
34412312,8;6,23060,1.02408
34412321,8;6,24042,1.06694
34413122,9;4,22530,0.998401
34413212,9;1,22655,1.00379
34413221,9;1,20693,0.915228
34421123,8;6,21580,0.956113
34421132,8;6,21153,0.939657
34421213,8;7,24348,1.07949
34421231,8;7,22973,1.02162
34421312,8;6,24042,1.06738
34421321,8;7,23060,1.02316
34422113,9;2,19576,0.865836
34422131,8;6,21110,0.937958
34422311,9;6,20527,0.907642
34423112,9;6,20693,0.916553
34423121,9;6,22655,1.00512
34423211,9;6,22530,1.01159
34431122,9;8,19816,0.875993
34431212,9;6,24929,1.10502
34431221,9;6,22246,0.99004
34432112,9;7,22246,0.988351
34432121,9;6,24929,1.13271
34432211,9;6,19816,0.876701
41122334,9;1,19576,0.863369
41122343,8;7,21110,0.937011
41122433,9;6,20527,0.908392
41123234,8;6,24348,1.07998
41123243,8;7,22973,1.02057
41123324,8;6,21580,0.95764
41123342,8;7,21153,0.939959
41123423,8;6,23060,1.02387
41123432,8;6,24042,1.06742
41124233,9;6,22530,0.998603
41124323,9;6,22655,1.00585
41124332,9;6,20693,0.917034
41132234,8;6,21580,0.973309
41132243,8;7,21153,0.939284
41132324,8;6,24348,1.07954
41132342,8;7,22973,1.0198
41132423,8;6,24042,1.06728
41132432,8;7,23060,1.02821
41133224,9;2,19576,0.864498
41133242,8;7,21110,0.937634
41133422,9;6,20527,0.908116
41134223,9;7,20693,0.915822
41134232,9;6,22655,1.00649
41134322,9;6,22530,0.998249
41142233,9;8,19816,0.877643
41142323,9;6,24929,1.10662
41142332,9;6,22246,0.985479
41143223,9;7,22246,0.986117
41143232,9;6,24929,1.10465
41143322,9;6,19816,0.879452
41212334,8;3,22081,0.975008
41212343,9;9,23684,1.0508
41212433,9;9,23277,1.03067
41213234,8;3,22722,1.00459
41213243,8;7,21698,0.960319
41213324,9;9,20382,0.90186
41213342,9;9,20185,0.893531
41213423,8;6,22269,0.986076
41213432,8;6,22903,1.01289
41214233,8;6,22824,1.01053
41214323,8;6,23614,1.04765
41214332,7;6,21439,0.947425
41221334,9;2,19316,0.86039
41221343,9;6,20903,0.926248
41221433,9;5,20848,0.931024
41223134,8;6,20843,0.920578
41223143,8;7,19864,0.878938
41223314,8;6,19015,0.840569
41223341,8;7,17705,0.786917
41223413,8;6,20596,0.914917
41223431,8;6,20596,0.91122
41224133,9;8,20652,0.913252
41224313,9;6,21109,0.93684
41224331,9;7,18645,0.823475
41231234,8;7,23508,1.04463
41231243,9;9,23088,1.02447
41231324,7;6,24395,1.08218
41231342,9;9,23652,1.04764
41231423,8;6,23755,1.05688
41231432,8;6,23487,1.05051
41232134,8;6,23885,1.06119
41232143,8;6,23239,1.03264
41232314,8;6,24724,1.09694
41232341,8;5,23048,1.02338
41232413,8;6,23968,1.06847
41232431,8;6,23069,1.02243
41233124,8;6,23099,1.02331
41233142,8;7,22080,0.978442
41233214,8;6,22857,1.0138
41233241,8;2,21294,0.944036
41233412,8;6,22612,1.00348
41233421,8;6,22048,0.976971
41234123,8;6,24200,1.07533
41234132,8;6,23927,1.05966
41234213,8;6,24068,1.06749
41234231,8;7,23309,1.03493
41234312,8;3,24517,1.08792
41234321,8;4,23786,1.0565
41241233,8;5,22006,0.974619
41241323,8;6,22897,1.0162
41241332,8;1,20761,0.917985
41242133,9;5,22416,0.994438
41242313,9;5,23176,1.03953
41242331,8;3,20655,0.914509
41243123,8;6,21908,0.970619
41243132,8;1,22124,0.978462
41243213,8;7,21850,0.970613
41243231,8;5,21603,0.956325
41243312,9;9,20273,0.903512
41243321,9;9,19350,0.855876
41312234,9;9,20382,0.901389
41312243,9;9,20185,0.896806
41312324,8;5,22722,1.00734
41312342,8;7,21698,0.961565
41312423,8;6,22903,1.0155
41312432,8;7,22269,0.986313
41313224,8;5,22081,0.977732
41313242,9;9,23684,1.05196
41313422,9;9,23277,1.03001
41314223,7;3,21439,0.94748
41314232,8;5,23614,1.05027
41314322,8;5,22824,1.013
41321234,7;6,24395,1.08628
41321243,9;9,23652,1.04941
41321324,8;7,23508,1.04498
41321342,9;9,23088,1.02381
41321423,8;6,23487,1.04183
41321432,8;7,23755,1.05368
41322134,8;6,23099,1.02408
41322143,8;7,22080,0.978637
41322314,8;6,22857,1.01496
41322341,8;7,21294,0.945444
41322413,8;6,22612,1.00133
41322431,8;6,22048,0.977202
41323124,8;6,23885,1.05858
41323142,8;7,23239,1.03142
41323214,8;6,24724,1.09663
41323241,8;5,23048,1.02233
41323412,8;6,23968,1.06304
41323421,8;6,23069,1.02426
41324123,8;5,23927,1.05931
41324132,8;6,24200,1.07307
41324213,8;3,24517,1.11073
41324231,8;4,23786,1.0558
41324312,8;6,24068,1.06763
41324321,8;7,23309,1.03413
41331224,9;2,19316,0.852011
41331242,9;6,20903,0.925927
41331422,9;5,20848,0.922748
41332124,8;3,20843,0.922279
41332142,8;7,19864,0.879931
41332214,8;6,19015,0.847832
41332241,8;7,17705,0.784076
41332412,8;6,20596,0.911622
41332421,8;5,20596,0.911162
41334122,9;8,20652,0.913876
41334212,9;6,21109,0.935807
41334221,9;7,18645,0.823144
41341223,8;1,20761,0.917561
41341232,8;6,22897,1.01555
41341322,8;5,22006,0.97317
41342123,8;1,22124,0.977917
41342132,8;6,21908,0.968752
41342213,9;9,20273,0.897266
41342231,9;9,19350,0.857895
41342312,8;7,21850,0.96711
41342321,8;5,21603,0.956106
41343122,9;5,22416,0.99324
41343212,9;5,23176,1.028
41343221,8;6,20655,0.914751
41412233,8;8,21980,0.971881
41412323,8;6,27192,1.20788
41412332,8;5,24344,1.07939
41413223,8;5,24344,1.07965
41413232,8;6,27192,1.20731
41413322,8;8,21980,0.97172
41421233,8;7,23437,1.03868
41421323,8;6,23653,1.07208
41421332,9;9,21775,0.963612
41422133,8;8,21680,0.960573
41422313,8;6,22488,0.998471
41422331,8;8,19917,0.880341
41423123,7;4,24417,1.08528
41423132,9;9,25337,1.12503
41423213,8;5,24737,1.10101
41423231,8;5,24840,1.10424
41423312,8;4,22932,1.0185
41423321,8;8,22170,0.985259
41431223,9;9,21775,0.965124
41431232,8;5,23653,1.06391
41431322,8;5,23437,1.0389
41432123,9;9,25337,1.12452
41432132,7;4,24417,1.09219
41432213,8;5,22932,1.01746
41432231,8;8,22170,0.986186
41432312,8;7,24737,1.09904
41432321,8;5,24840,1.10453
41433122,8;8,21680,0.958316
41433212,8;7,22488,0.997087
41433221,8;8,19917,0.882317
42112334,9;2,19316,0.853209
42112343,9;6,20903,0.927256
42112433,9;6,20848,0.92243
42113234,8;6,20843,0.921143
42113243,8;7,19864,0.879267
42113324,8;6,19015,0.839869
42113342,8;7,17705,0.783278
42113423,8;6,20596,0.910813
42113432,8;6,20596,0.911561
42114233,9;6,20652,0.91384
42114323,9;6,21109,0.934891
42114332,9;6,18645,0.823608
42121334,8;3,22081,0.975128
42121343,9;9,23684,1.05103
42121433,9;9,23277,1.0306
42123134,8;3,22722,1.00371
42123143,8;7,21698,0.96069
42123314,9;9,20382,0.899878
42123341,9;9,20185,0.893515
42123413,8;6,22269,0.985451
42123431,8;6,22903,1.01268
42124133,8;7,22824,1.01008
42124313,8;7,23614,1.04894
42124331,7;6,21439,0.948491
42131234,8;7,23885,1.05737
42131243,8;4,23239,1.03654
42131324,8;5,24724,1.09594
42131342,8;5,23048,1.02302
42131423,8;4,23968,1.06503
42131432,8;5,23069,1.02747
42132134,8;6,23508,1.04269
42132143,9;9,23088,1.02938
42132314,7;6,24395,1.08018
42132341,9;9,23652,1.05228
42132413,8;6,23755,1.05486
42132431,8;6,23487,1.05037
42133124,8;7,22857,1.01657
42133142,8;3,21294,0.944921
42133214,8;6,23099,1.02293
42133241,8;7,22080,0.987006
42133412,8;6,22048,0.980981
42133421,8;7,22612,1.00248
42134123,8;6,24068,1.06857
42134132,8;6,23309,1.04023
42134213,8;6,24200,1.07376
42134231,8;7,23927,1.0613
42134312,8;3,23786,1.05499
42134321,8;4,24517,1.08916
42141233,9;6,22416,0.991787
42141323,9;6,23176,1.02695
42141332,8;5,20655,0.911784
42142133,8;5,22006,0.975298
42142313,8;6,22897,1.01398
42142331,8;4,20761,0.916889
42143123,8;4,21850,0.967429
42143132,8;6,21603,0.955571
42143213,8;6,21908,0.969802
42143231,8;4,22124,0.978583
42143312,9;9,19350,0.857261
42143321,9;9,20273,0.900492
42211334,9;1,19576,0.871627
42211343,8;7,21110,0.936691
42211433,9;4,20527,0.909848
42213134,8;6,24348,1.08024
42213143,8;7,22973,1.02007
42213314,8;6,21580,0.956902
42213341,8;7,21153,0.939343
42213413,8;6,23060,1.02347
42213431,8;6,24042,1.06725
42214133,9;4,22530,0.998745
42214313,9;1,22655,1.00531
42214331,9;1,20693,0.917361
42231134,8;6,21580,0.957818
42231143,8;7,21153,0.93867
42231314,8;6,24348,1.08001
42231341,8;7,22973,1.01998
42231413,8;6,24042,1.06711
42231431,8;7,23060,1.02302
42233114,9;2,19576,0.86412
42233141,8;7,21110,0.936799
42233411,9;6,20527,0.909161
42234113,9;7,20693,0.915524
42234131,9;6,22655,1.00549
42234311,9;6,22530,1.00388
42241133,9;8,19816,0.87777
42241313,9;6,24929,1.10557
42241331,9;6,22246,0.986359
42243113,9;7,22246,0.989085
42243131,9;6,24929,1.1085
42243311,9;6,19816,0.877708
42311234,8;6,23099,1.0232
42311243,8;7,22080,0.980966
42311324,8;6,22857,1.01292
42311342,8;7,21294,0.94389
42311423,8;6,22612,1.00745
42311432,8;6,22048,0.985383
42312134,7;6,24395,1.08788
42312143,9;9,23652,1.05097
42312314,8;6,23508,1.04141
42312341,9;9,23088,1.02534
42312413,8;6,23487,1.04083
42312431,8;7,23755,1.0546
42313124,8;7,24724,1.09974
42313142,8;3,23048,1.02289
42313214,8;6,23885,1.0595
42313241,8;2,23239,1.0313
42313412,8;5,23069,1.02305
42313421,8;2,23968,1.06392
42314123,8;5,24517,1.08752
42314132,8;6,23786,1.0568
42314213,8;3,23927,1.05997
42314231,8;2,24200,1.07408
42314312,8;6,23309,1.0335
42314321,8;6,24068,1.07061
42321134,9;9,20382,0.899616
42321143,9;9,20185,0.898731
42321314,8;5,22722,1.00876
42321341,8;7,21698,0.960948
42321413,8;6,22903,1.01485
42321431,8;7,22269,0.985659
42323114,8;5,22081,0.97602
42323141,9;9,23684,1.05007
42323411,9;9,23277,1.03052
42324113,7;3,21439,0.950638
42324131,8;6,23614,1.05108
42324311,8;6,22824,1.00923
42331124,8;6,19015,0.839668
42331142,8;7,17705,0.782987
42331214,8;6,20843,0.920562
42331241,8;7,19864,0.880426
42331412,8;5,20596,0.910957
42331421,8;7,20596,0.911196
42332114,9;6,19316,0.856647
42332141,9;6,20903,0.926248
42332411,9;5,20848,0.92427
42334112,9;7,18645,0.824046
42334121,9;6,21109,0.934867
42334211,9;6,20652,0.912975
42341123,9;9,20273,0.90435
42341132,9;9,19350,0.856277
42341213,8;1,22124,0.978809
42341231,8;1,21908,0.970034
42341312,8;6,21603,0.956656
42341321,8;7,21850,0.968797
42342113,8;1,20761,0.917689
42342131,8;1,22897,1.01852
42342311,8;5,22006,0.973632
42343112,8;6,20655,0.913028
42343121,9;7,23176,1.02814
42343211,9;7,22416,0.999565
42411233,8;8,21680,0.958543
42411323,8;6,22488,0.998209
42411332,8;8,19917,0.879335
42412133,8;6,23437,1.03888
42412313,8;6,23653,1.04961
42412331,9;9,21775,0.964913
42413123,8;5,24737,1.098
42413132,8;5,24840,1.1037
42413213,7;4,24417,1.08721
42413231,9;9,25337,1.12993
42413312,8;8,22170,0.983474
42413321,8;4,22932,1.01832
42421133,8;8,21980,0.971563
42421313,8;6,27192,1.2066
42421331,8;5,24344,1.0781
42423113,8;5,24344,1.08003
42423131,8;7,27192,1.21344
42423311,8;8,21980,0.970885
42431123,8;5,22932,1.01743
42431132,8;8,22170,0.98469
42431213,9;9,25337,1.12525
42431231,7;4,24417,1.08348
42431312,8;5,24840,1.103
42431321,8;6,24737,1.09843
42432113,9;9,21775,0.963921
42432131,8;5,23653,1.06228
42432311,8;5,23437,1.04064
42433112,8;8,19917,0.882525
42433121,8;6,22488,0.999857
42433211,8;8,21680,0.959556
43112234,8;6,19015,0.842043
43112243,8;7,17705,0.782758
43112324,8;6,20843,0.926121
43112342,8;7,19864,0.8792
43112423,8;6,20596,0.91109
43112432,8;7,20596,0.923664
43113224,9;6,19316,0.855579
43113242,9;6,20903,0.932973
43113422,9;6,20848,0.936902
43114223,9;7,18645,0.824288
43114232,9;6,21109,0.934881
43114322,9;6,20652,0.917707
43121234,8;3,24724,1.0952
43121243,8;3,23048,1.02274
43121324,8;6,23885,1.05839
43121342,8;4,23239,1.03208
43121423,8;5,23069,1.02185
43121432,8;4,23968,1.06351
43122134,8;3,22857,1.01258
43122143,8;3,21294,0.943876
43122314,8;6,23099,1.02319
43122341,8;7,22080,0.97824
43122413,8;6,22048,0.977037
43122431,8;7,22612,1.00149
43123124,8;6,23508,1.04077
43123142,9;9,23088,1.02486
43123214,7;6,24395,1.08208
43123241,9;9,23652,1.05192
43123412,8;6,23755,1.05353
43123421,8;6,23487,1.04065
43124123,8;5,23309,1.03388
43124132,8;6,24068,1.0684
43124213,8;3,23786,1.05635
43124231,8;4,24517,1.09018
43124312,8;6,24200,1.09549
43124321,8;7,23927,1.06031
43131224,8;1,22081,0.976182
43131242,9;9,23684,1.05145
43131422,9;9,23277,1.03268
43132124,8;1,22722,1.00624
43132142,8;4,21698,0.960295
43132214,9;9,20382,0.901135
43132241,9;9,20185,0.89227
43132412,8;6,22269,0.985386
43132421,8;5,22903,1.0131
43134122,8;6,22824,1.00963
43134212,8;6,23614,1.04708
43134221,7;6,21439,0.94728
43141223,8;1,20655,0.913445
43141232,9;6,23176,1.02818
43141322,9;6,22416,0.99141
43142123,8;1,21603,0.956892
43142132,8;4,21850,0.966354
43142213,9;9,19350,0.856867
43142231,9;9,20273,0.897306
43142312,8;4,21908,0.971622
43142321,8;4,22124,0.980458
43143122,8;5,22006,0.973024
43143212,8;4,22897,1.01647
43143221,8;4,20761,0.919538
43211234,8;6,22857,1.01229
43211243,8;7,21294,0.942545
43211324,8;6,23099,1.02401
43211342,8;7,22080,0.977914
43211423,8;6,22048,0.976838
43211432,8;7,22612,1.00278
43212134,8;3,24724,1.09743
43212143,8;3,23048,1.02288
43212314,8;6,23885,1.05772
43212341,8;2,23239,1.03447
43212413,8;5,23069,1.02383
43212431,8;2,23968,1.06845
43213124,7;6,24395,1.08097
43213142,9;9,23652,1.05095
43213214,8;6,23508,1.04427
43213241,9;9,23088,1.02406
43213412,8;6,23487,1.03929
43213421,8;7,23755,1.05314
43214123,8;1,23786,1.05463
43214132,8;1,24517,1.08994
43214213,8;1,23309,1.03927
43214231,8;1,24068,1.07213
43214312,8;3,23927,1.0637
43214321,8;2,24200,1.08517
43221134,8;6,19015,0.839835
43221143,8;7,17705,0.787899
43221314,8;6,20843,0.93005
43221341,8;7,19864,0.879122
43221413,8;5,20596,0.910073
43221431,8;7,20596,0.910416
43223114,9;6,19316,0.852469
43223141,9;6,20903,0.926809
43223411,9;6,20848,0.933824
43224113,9;7,18645,0.824144
43224131,9;6,21109,0.942809
43224311,9;6,20652,0.918221
43231124,9;9,20382,0.901488
43231142,9;9,20185,0.902914
43231214,8;1,22722,1.00298
43231241,8;4,21698,0.964144
43231412,8;6,22903,1.01262
43231421,8;7,22269,0.98416
43232114,8;1,22081,0.976145
43232141,9;9,23684,1.04912
43232411,9;9,23277,1.02928
43234112,7;4,21439,0.946974
43234121,8;6,23614,1.05541
43234211,8;6,22824,1.00954
43241123,9;9,19350,0.855909
43241132,9;9,20273,0.895981
43241213,8;1,21603,0.959646
43241231,8;4,21850,0.966591
43241312,8;4,22124,0.979219
43241321,8;4,21908,0.968553
43242113,8;1,20655,0.919688
43242131,9;6,23176,1.02695
43242311,9;6,22416,0.991713
43243112,8;4,20761,0.915623
43243121,8;4,22897,1.01409
43243211,8;5,22006,0.973455
43311224,9;1,19576,0.86417
43311242,8;7,21110,0.935406
43311422,9;4,20527,0.907747
43312124,8;6,24348,1.08618
43312142,8;7,22973,1.01916
43312214,8;6,21580,0.961218
43312241,8;7,21153,0.939501
43312412,8;6,23060,1.0294
43312421,8;6,24042,1.07124
43314122,9;4,22530,1.00649
43314212,9;1,22655,1.00761
43314221,9;1,20693,0.918865
43321124,8;6,21580,0.955318
43321142,8;7,21153,0.938229
43321214,8;6,24348,1.07919
43321241,8;7,22973,1.02876
43321412,8;6,24042,1.0671
43321421,8;7,23060,1.0325
43322114,9;2,19576,0.868768
43322141,8;7,21110,0.946257
43322411,9;6,20527,0.916834
43324112,9;6,20693,0.915679
43324121,9;6,22655,1.0057
43324211,9;6,22530,0.9981
43341122,9;8,19816,0.875885
43341212,9;6,24929,1.10421
43341221,9;6,22246,0.986085
43342112,9;7,22246,0.985697
43342121,9;6,24929,1.1231
43342211,9;6,19816,0.875743
43411223,8;8,19917,0.880966
43411232,8;6,22488,0.996703
43411322,8;8,21680,0.958056
43412123,8;5,24840,1.10129
43412132,8;5,24737,1.1122
43412213,8;8,22170,0.98304
43412231,8;6,22932,1.03184
43412312,7;4,24417,1.08369
43412321,9;9,25337,1.12532
43413122,8;6,23437,1.03826
43413212,8;7,23653,1.04884
43413221,9;9,21775,0.968155
43421123,8;8,22170,0.98444
43421132,8;5,22932,1.01683
43421213,8;7,24840,1.1036
43421231,8;1,24737,1.1119
43421312,9;9,25337,1.12644
43421321,7;4,24417,1.09762
43422113,8;8,19917,0.87906
43422131,8;1,22488,1.01216
43422311,8;8,21680,0.957503
43423112,9;9,21775,0.962575
43423121,8;5,23653,1.04941
43423211,8;5,23437,1.06191
43431122,8;8,21980,0.971784
43431212,8;7,27192,1.20722
43431221,8;5,24344,1.07918
43432112,8;5,24344,1.07771
43432121,8;7,27192,1.20728
43432211,8;8,21980,0.970524
44112233,9;5,11578,0.507603
44112323,9;5,14422,0.633428
44112332,9;5,12742,0.55966
44113223,9;6,12742,0.560073
44113232,9;5,14422,0.633164
44113322,9;5,11578,0.516809
44121233,9;4,15228,0.670797
44121323,9;1,15557,0.687181
44121332,9;1,14402,0.643953
44122133,9;4,14104,0.621594
44122313,8;7,14988,0.664037
44122331,9;1,13262,0.582603
44123123,8;6,14525,0.641043
44123132,8;7,15484,0.682524
44123213,8;6,15802,0.704505
44123231,8;7,15887,0.700881
44123312,8;7,14241,0.628238
44123321,8;3,13795,0.608088
44131223,9;1,14402,0.632861
44131232,9;1,15557,0.686262
44131322,9;4,15228,0.67099
44132123,8;6,15484,0.685086
44132132,8;7,14525,0.641178
44132213,8;7,14241,0.626418
44132231,8;3,13795,0.608251
44132312,8;6,15802,0.697227
44132321,8;6,15887,0.699474
44133122,9;4,14104,0.621037
44133212,8;7,14988,0.681254
44133221,9;1,13262,0.585467
44211233,9;4,14104,0.621564
44211323,8;3,14988,0.662496
44211332,9;1,13262,0.583122
44212133,9;4,15228,0.671411
44212313,9;1,15557,0.685775
44212331,9;1,14402,0.637557
44213123,8;6,15802,0.697201
44213132,8;7,15887,0.699045
44213213,8;6,14525,0.641579
44213231,8;7,15484,0.682306
44213312,8;7,13795,0.607099
44213321,8;3,14241,0.648201
44221133,9;8,11578,0.507177
44221313,9;6,14422,0.632756
44221331,9;6,12742,0.561867
44223113,9;6,12742,0.567338
44223131,9;5,14422,0.63417
44223311,9;6,11578,0.506284
44231123,8;3,14241,0.626981
44231132,8;3,13795,0.608943
44231213,8;6,15484,0.681445
44231231,8;7,14525,0.642877
44231312,8;6,15887,0.699911
44231321,8;7,15802,0.696406
44232113,9;6,14402,0.637319
44232131,9;6,15557,0.695025
44232311,9;7,15228,0.669444
44233112,9;7,13262,0.584185
44233121,8;3,14988,0.672113
44233211,9;6,14104,0.620982
44311223,9;1,13262,0.583586
44311232,8;3,14988,0.660281
44311322,9;4,14104,0.620802
44312123,8;6,15887,0.699469
44312132,8;7,15802,0.69701
44312213,8;7,13795,0.607644
44312231,8;3,14241,0.628382
44312312,8;6,14525,0.648903
44312321,8;6,15484,0.68257
44313122,9;4,15228,0.671224
44313212,9;1,15557,0.701382
44313221,9;1,14402,0.634054
44321123,8;3,13795,0.609451
44321132,8;3,14241,0.626754
44321213,8;6,15887,0.700083
44321231,8;7,15802,0.696645
44321312,8;6,15484,0.682215
44321321,8;7,14525,0.641212
44322113,9;6,13262,0.591701
44322131,8;3,14988,0.66103
44322311,9;5,14104,0.630618
44323112,9;7,14402,0.633697
44323121,9;4,15557,0.688549
44323211,9;6,15228,0.669878
44331122,9;8,11578,0.506222
44331212,9;6,14422,0.640044
44331221,9;4,12742,0.577184
44332112,9;6,12742,0.55898
44332121,9;4,14422,0.634599
44332211,9;6,11578,0.5187
